text,note
it takes two to tango and both parties share the responsibility,
the ball is in your court so make the next move carefully,
bite the bullet and get the most difficult task out of the way first,
a blessing in disguise can turn an apparent hardship into an opportunity,
do not put all your eggs in one basket when making investment decisions,
the early bird catches the worm so try to wake up before dawn,
actions speak louder than words especially when building trust with others,
once in a blue moon something truly unexpected and remarkable occurs,
the cat is out of the bag now that the secret has been revealed,
every cloud has a silver lining if you look hard enough for it,
burn the midnight oil when a deadline is approaching and progress is slow,
hit the nail on the head with a precise and accurate observation,
let the cat out of the bag before the announcement was officially made,
adding insult to injury made a bad situation considerably worse,
cut corners to save time but ended up paying a higher price later,
barking up the wrong tree when searching for the source of the problem,
get out of hand before anyone had a chance to intervene and stop it,
the tip of the iceberg hides the true scale of the underlying problem,
kill two birds with one stone by combining the errands into one trip,
on the fence about whether to accept the generous offer or decline it,
spill the beans accidentally and ruin the carefully planned surprise party,
take with a grain of salt because the information could not be verified,
the last straw that finally broke the camel's back and ended the deal,
under the weather and decided to stay home and rest for the afternoon,
miss the boat by arriving too late to take advantage of the opportunity,
hit the ground running and completed three milestones in the first week,
cost an arm and a leg so they decided to look for a cheaper alternative,
